"ACCOUNTSOURCE","ID","NAME","NUMBEROFEMPLOYEES"
"","0015e00000KTHRTAA5","Grand Hotels & Resorts Ltd","5600"
"","0015e00000KTIjEAAX","Dickenson plc","120"
"","0015e00000KTIjFAAX","GenePoint","265"
"","0015e00000KT1krAAD","Krueger PLC",""
"","0015e00000KUSYLAA5","Dickenson plc","120"
"","0015e00000KUSYMAA5","GenePoint","265"
"","0015e00000KUSYNAA5","Express Logistics and Transport","12300"
"","0015e00000KUSYOAA5","Grand Hotels & Resorts Ltd","5600"
"","0015e00000KT94DAAT","Landry-Smith",""
"","0015e00000IxLaDAAV","Jackson, Collins and Mason","100"
"","0015e00000KT7AFAA1","Hubbard-Gilmore",""
"","0015e00000KUSXyAAP","Express Logistics and Transport","12300"
"","0015e00000KUSY1AAP","Dickenson plc","120"
"","0015e00000KUSY2AAP","GenePoint","265"
"","0015e00000KUSY4AAP","Grand Hotels & Resorts Ltd","5600"
"","0015e00000IxLa8AAF","Hale, Huerta and Gonzalez","100"
"","0015e00000KTIEMAA5","Grand Hotels & Resorts Ltd","5600"
"","0015e00000KTyEUAA1","GenePoint","265"
"","0015e00000KTyEWAA1","Grand Hotels & Resorts Ltd","5600"
"","0015e00000KTIjtAAH","GenePoint","265"
"","0015e00000KTIjuAAH","Express Logistics and Transport","12300"
"","0015e00000IxLZjAAN","Taylor, Kirk and Rasmussen","100"
"","0015e00000IxLYvAAN","Reynolds, Jones and Cunningham","100"
"","0015e00000IxLZtAAN","Walton, Edwards and Clark","100"
"","0015e00000IxV5LAAV","Haynes, Daniels and Lewis","100"
"","0015e00000KT9jBAAT","Miller-Kelley",""
"","0015e00000KUWhFAAX","Dickenson plc","120"
"","0015e00000KUWhGAAX","GenePoint","265"
"","0015e00000KUWhHAAX","Express Logistics and Transport","12300"
"","0015e00000KUWhIAAX","Grand Hotels & Resorts Ltd","5600"
"","0015e00000KTIjGAAX","Express Logistics and Transport","12300"
"","0015e00000KT1pYAAT","Palmer-Rios",""
"","0015e00000KTAlyAAH","Gilbert-Evans",""
"","0015e00000KTB5QAAX","Chambers-Holloway",""
"","0015e00000KTAqaAAH","Morgan-Hart",""
"","0015e00000KTB6iAAH","Thomas LLC",""
"","0015e00000KT1mJAAT","Rosales Inc",""
"","0015e00000KT1ozAAD","Wilkerson, Fisher and Charles",""
"","0015e00000KTB43AAH","Hill, Randall and Davis","100"
"","0015e00000KT3RmAAL","Green, Davis and Perez",""
"","0015e00000KT1l1AAD","Wood, Reynolds and Wright",""
"","0015e00000C2onjAAB","GenePoint","265"
"","0015e00000C2onhAAB","United Oil & Gas, UK","24000"
"","0015e00000C2oniAAB","United Oil & Gas, Singapore","3000"
"","0015e00000C2onZAAR","Edge Communications","1000"
"","0015e00000C2onaAAB","Burlington Textiles Corp of America","9000"
"","0015e00000C2onbAAB","Pyramid Construction Inc.","2680"
"","0015e00000C2ondAAB","Grand Hotels & Resorts Ltd","5600"
"","0015e00000C2onfAAB","Express Logistics and Transport","12300"
"","0015e00000C2ongAAB","University of Arizona","39000"
"","0015e00000C2oneAAB","United Oil & Gas Corp.","145000"
"","0015e00000C2onkAAB","sForce",""
"","0015e00000KUTVcAAP","Dickenson plc","120"
"","0015e00000KUTVdAAP","GenePoint","265"
"","0015e00000KUTVeAAP","Express Logistics and Transport","12300"
"","0015e00000KUTVfAAP","Grand Hotels & Resorts Ltd","5600"
"","0015e00000Bugu4AAB","Sample Account for Entitlements",""
"","0015e00000KT1pEAAT","Turner-Johnson",""
